<?xml version="1.0" encoding="UTF-8"?>
<project-private xmlns="http://www.netbeans.org/ns/project-private/1">
    <editor-bookmarks xmlns="http://www.netbeans.org/ns/editor-bookmarks/2" lastBookmarkId="0"/>
    <open-files xmlns="http://www.netbeans.org/ns/projectui-open-files/2">
        <group>
            <file>file:/C:/Users/Ridho%20Syahfero/OneDrive/Documents/NetBeansProjects/Kedai%20Voucher/src/pembayaranGerai.java</file>
            <file>file:/C:/Users/Ridho%20Syahfero/OneDrive/Documents/NetBeansProjects/Kedai%20Voucher/src/StrukPembayaran.java</file>
            <file>file:/C:/Users/Ridho%20Syahfero/OneDrive/Documents/NetBeansProjects/Kedai%20Voucher/src/KedaiVoucher_1402022055.java</file>
            <file>file:/C:/Users/Ridho%20Syahfero/OneDrive/Documents/NetBeansProjects/Kedai%20Voucher/src/eMoneyP.java</file>
            <file>file:/C:/Users/Ridho%20Syahfero/OneDrive/Documents/NetBeansProjects/Kedai%20Voucher/src/pembayaraanBank.java</file>
            <file>file:/C:/Users/Ridho%20Syahfero/OneDrive/Documents/NetBeansProjects/Kedai%20Voucher/src/statusTidakada.java</file>
        </group>
    </open-files>
</project-private>
